<?xml version="1.0" encoding="UTF-8"?>
<project-private xmlns="http://www.netbeans.org/ns/project-private/1">
    <editor-bookmarks xmlns="http://www.netbeans.org/ns/editor-bookmarks/2" lastBookmarkId="0"/>
    <open-files xmlns="http://www.netbeans.org/ns/projectui-open-files/2">
        <group>
            <file>file:/C:/Users/tiago.larssen/Downloads/Sistema/src/controladores/ControlaSala.java</file>
            <file>file:/C:/Users/tiago.larssen/Downloads/Sistema/src/entidades/DAO/AlunoTurmaDAO.java</file>
            <file>file:/C:/Users/tiago.larssen/Downloads/Sistema/src/entidades/DAO/SalaDAO.java</file>
            <file>file:/C:/Users/tiago.larssen/Downloads/Sistema/src/entidades/DAO/ProfessorTurmaDAO.java</file>
            <file>file:/C:/Users/tiago.larssen/Downloads/Sistema/src/telas/TelaPrincipal.java</file>
            <file>file:/C:/Users/tiago.larssen/Downloads/Sistema/src/telas/TelaProfessor.java</file>
            <file>file:/C:/Users/tiago.larssen/Downloads/Sistema/src/controladores/ControlaProfessorTurma.java</file>
            <file>file:/C:/Users/tiago.larssen/Downloads/Sistema/src/entidades/Turma.java</file>
            <file>file:/C:/Users/tiago.larssen/Downloads/Sistema/src/telas/TelaAluno.java</file>
            <file>file:/C:/Users/tiago.larssen/Downloads/Sistema/src/controladores/ControlaTurma.java</file>
            <file>file:/C:/Users/tiago.larssen/Downloads/Sistema/src/entidades/DAO/AlunoDAO.java</file>
            <file>file:/C:/Users/tiago.larssen/Downloads/Sistema/src/entidades/DAO/TurmaDAO.java</file>
            <file>file:/C:/Users/tiago.larssen/Downloads/Sistema/src/sistema/Sistema.java</file>
            <file>file:/C:/Users/tiago.larssen/Downloads/Sistema/src/telas/TelaSala.java</file>
            <file>file:/C:/Users/tiago.larssen/Downloads/Sistema/src/apoio/ConexaoBD.java</file>
            <file>file:/C:/Users/tiago.larssen/Downloads/Sistema/src/entidades/DAO/ProfessorDAO.java</file>
            <file>file:/C:/Users/tiago.larssen/Downloads/Sistema/src/entidades/Sala.java</file>
            <file>file:/C:/Users/tiago.larssen/Downloads/Sistema/src/controladores/ControlaProfessor.java</file>
            <file>file:/C:/Users/tiago.larssen/Downloads/Sistema/src/entidades/ProfessorTurma.java</file>
            <file>file:/C:/Users/tiago.larssen/Downloads/Sistema/src/telas/TelaAlunoTurma.java</file>
            <file>file:/C:/Users/tiago.larssen/Downloads/Sistema/src/controladores/ControlaAluno.java</file>
            <file>file:/C:/Users/tiago.larssen/Downloads/Sistema/src/telas/TelaTurma.java</file>
        </group>
    </open-files>
</project-private>
